{"initial_reset_timestamp": 1610051137.0652242, "timestamps": [1610051139.5424032], "episode_lengths": [74], "episode_rewards": [-117.44389319145836], "episode_types": ["t"]}